departamento;provincia;distrito;localidad;enfermedad;ano;semana;diagnostic;diresa;ubigeo;localcod;edad;tipo_edad;sexo
LORETO;ALTO AMAZONAS;YURIMAGUAS;000101;DENGUE SIN SIGNOS DE ALARMA;2000;1;A97.0;16;160201;;58;A;M
LORETO;ALTO AMAZONAS;YURIMAGUAS;000101;DENGUE SIN SIGNOS DE ALARMA;2000;1;A97.0;16;160201;;44;A;F
LORETO;ALTO AMAZONAS;YURIMAGUAS;BARRIO MORALILLOS;DENGUE SIN SIGNOS DE ALARMA;2000;1;A97.0;16;160201;;21;A;F
LORETO;MAYNAS;IQUITOS;005902;DENGUE SIN SIGNOS DE ALARMA;2000;1;A97.0;16;160101;;74;A;M
LORETO;MAYNAS;IQUITOS;CARDOZO;DENGUE SIN SIGNOS DE ALARMA;2000;1;A97.0;16;160101;;42;A;F
LORETO;MAYNAS;IQUITOS;003402;DENGUE SIN SIGNOS DE ALARMA;2000;1;A97.0;16;160101;;9;A;F
LORETO;MAYNAS;IQUITOS;RIOMAR;DENGUE SIN SIGNOS DE ALARMA;2000;1;A97.0;16;160101;;29;A;M
LORETO;MAYNAS;IQUITOS;005902;DENGUE SIN SIGNOS DE ALARMA;2000;1;A97.0;16;160101;;21;A;F
LORETO;MAYNAS;IQUITOS;004102;DENGUE SIN SIGNOS DE ALARMA;2000;1;A97.0;16;160101;;31;A;F
LORETO;MAYNAS;IQUITOS;006002;DENGUE SIN SIGNOS DE ALARMA;2000;1;A97.0;16;160101;;17;A;M
PIURA;MORROPON;CHULUCANAS;CALLE SAN TEODORO;DENGUE SIN SIGNOS DE ALARMA;2000;1;A97.0;32;200401;;17;A;F
SAN MARTIN;MARISCAL CACERES;JUANJUI;JUANJUI;DENGUE SIN SIGNOS DE ALARMA;2000;1;A97.0;22;220601;;36;A;F
TUMBES;TUMBES;CORRALES;SAN JACINTO;DENGUE SIN SIGNOS DE ALARMA;2000;1;A97.0;24;240102;;10;A;M
TUMBES;TUMBES;CORRALES;SAN JACINTO;DENGUE SIN SIGNOS DE ALARMA;2000;1;A97.0;24;240102;;34;A;F
LORETO;ALTO AMAZONAS;YURIMAGUAS;000101;DENGUE SIN SIGNOS DE ALARMA;2000;2;A97.0;16;160201;;35;A;F
LORETO;ALTO AMAZONAS;YURIMAGUAS;BARRIO CENTRAL;DENGUE SIN SIGNOS DE ALARMA;2000;2;A97.0;16;160201;;44;A;F
LORETO;ALTO AMAZONAS;YURIMAGUAS;B.CENTRAL;DENGUE SIN SIGNOS DE ALARMA;2000;2;A97.0;16;160201;;30;A;F
LORETO;ALTO AMAZONAS;YURIMAGUAS;000902;DENGUE SIN SIGNOS DE ALARMA;2000;2;A97.0;16;160201;;45;A;M
LORETO;ALTO AMAZONAS;YURIMAGUAS;BARRIO MORALILLOS;DENGUE SIN SIGNOS DE ALARMA;2000;2;A97.0;16;160201;;26;A;F
LORETO;ALTO AMAZONAS;YURIMAGUAS;LA FAVORITA;DENGUE SIN SIGNOS DE ALARMA;2000;2;A97.0;16;160201;;43;A;M
LORETO;ALTO AMAZONAS;YURIMAGUAS;000902;DENGUE SIN SIGNOS DE ALARMA;2000;2;A97.0;16;160201;;43;A;F
LORETO;ALTO AMAZONAS;YURIMAGUAS;BARRIO LAS FLORES;DENGUE SIN SIGNOS DE ALARMA;2000;2;A97.0;16;160201;;60;A;F
LORETO;ALTO AMAZONAS;YURIMAGUAS;BARRIO CENTRAL;DENGUE SIN SIGNOS DE ALARMA;2000;2;A97.0;16;160201;;13;A;F
LORETO;ALTO AMAZONAS;YURIMAGUAS;000902;DENGUE SIN SIGNOS DE ALARMA;2000;2;A97.0;16;160201;;35;A;F
