"departamento","provincia","distrito","localidad","enfermedad","ano","semana","diagnostic","diresa","ubigeo","localcod","edad","tipo_edad","sexo"
"ANCASH","PALLASCA","SANTA ROSA","SANTA ROSA","LEISHMANIASIS CUTANEA",2000,7,"B55.1","02","021510","",10,"A","M"
"ANCASH","PALLASCA","SANTA ROSA","SANTA ROSA","LEISHMANIASIS CUTANEA",2000,40,"B55.1","02","021510","",14,"A","F"
"ANCASH","HUAYLAS","YURACMARCA","SANTA ROSA","LEISHMANIASIS CUTANEA",2000,19,"B55.1","02","021210","",15,"A","M"
"ANCASH","HUAYLAS","PAMPAROMAS","PAMPAP","LEISHMANIASIS CUTANEA",2000,12,"B55.1","02","021206","",57,"A","F"
"ANCASH","BOLOGNESI","HUAYLLACAYAN","CURCUY","LEISHMANIASIS CUTANEA",2000,6,"B55.1","02","020510","",5,"A","M"
"ANCASH","BOLOGNESI","LA PRIMAVERA","GORGORILLO","LEISHMANIASIS CUTANEA",2000,32,"B55.1","02","020511","",4,"M","M"
"ANCASH","BOLOGNESI","LA PRIMAVERA","GORGORILLO","LEISHMANIASIS CUTANEA",2000,40,"B55.1","02","020511","",70,"A","F"
"ANCASH","BOLOGNESI","CANIS","CANIS","LEISHMANIASIS CUTANEA",2000,38,"B55.1","02","020506","",3,"A","M"
"ANCASH","BOLOGNESI","CANIS","CANIS","LEISHMANIASIS CUTANEA",2000,18,"B55.1","02","020506","",5,"A","M"
"ANCASH","BOLOGNESI","CANIS","CANIS","LEISHMANIASIS CUTANEA",2000,31,"B55.1","02","020506","",8,"A","F"
"ANCASH","HUAYLAS","PAMPAROMAS","CARACHUCO","LEISHMANIASIS CUTANEA",2000,11,"B55.1","02","021206","",4,"A","F"
"ANCASH","HUARAZ","PAMPAS GRANDE","LA VICTORIA","LEISHMANIASIS CUTANEA",2000,7,"B55.1","02","020109","",22,"A","M"
"ANCASH","BOLOGNESI","ANTONIO RAIMONDI","PAMPAM","LEISHMANIASIS CUTANEA",2000,36,"B55.1","02","020503","",14,"A","M"
"ANCASH","PALLASCA","SANTA ROSA","SANTA ROSA","LEISHMANIASIS CUTANEA",2000,9,"B55.1","02","021510","",54,"A","F"
"ANCASH","SANTA","CHIMBOTE","CURURO","LEISHMANIASIS CUTANEA",2000,17,"B55.1","02","021801","",32,"A","M"
"ANCASH","BOLOGNESI","PACLLON","LLAMAC","LEISHMANIASIS CUTANEA",2000,31,"B55.1","02","020513","",17,"A","F"
"ANCASH","SANTA","MACATE","SANTA CLARA","LEISHMANIASIS CUTANEA",2000,2,"B55.1","02","021804","",15,"A","M"
"ANCASH","SANTA","MACATE","SHIQUISH","LEISHMANIASIS CUTANEA",2000,2,"B55.1","02","021804","",42,"A","M"
"ANCASH","OCROS","ACAS","ACO","LEISHMANIASIS CUTANEA",2000,13,"B55.1","02","021402","",12,"A","F"
"ANCASH","AIJA","CORIS","MASHAC","LEISHMANIASIS CUTANEA",2000,18,"B55.1","02","020202","",17,"A","F"
"ANCASH","BOLOGNESI","HUAYLLACAYAN","SAN LUCAS","LEISHMANIASIS CUTANEA",2000,7,"B55.1","02","020510","",7,"A","F"
"ANCASH","BOLOGNESI","HUAYLLACAYAN","SAN LUCAS","LEISHMANIASIS CUTANEA",2000,5,"B55.1","02","020510","",3,"A","F"
"ANCASH","BOLOGNESI","HUAYLLACAYAN","YUMPE","LEISHMANIASIS CUTANEA",2000,40,"B55.1","02","020510","",1,"A","M"
"ANCASH","BOLOGNESI","HUAYLLACAYAN","HUAYAL","LEISHMANIASIS CUTANEA",2000,6,"B55.1","02","020510","",1,"A","M"
